SWORZE%C5%83%20WAHACZA%20FIAT%20DUCATO%202006-%20PEUGEOT%20BOXER%0A	250883
SWORZE%C5%83%20WAHACZA%20FIAT%20DUCATO%202006-%20PEUGEOT%20BOXER%0A	250884
8FILEDS%20-%20Podw%C3%B3jna%20%C5%82adownica%205%2C56mm%20z%20miejscem%20na%0A	9200
HUAWEI%20MATE%209%20PRO%20%7C%20ETUI%20OBUDOWA%20%20%2B%20RYSIK%20%2B%20SZK%C5%81O%0A	19348
Dach%C3%B3wka%20ceramiczna%20antracytowa%2039%2C96%20z%C5%82/m2%20p%C5%82aska%0A	46119
LAWRENCE%20DURRELL%20-%20MOUNTOLIVE%20/ALEXANDRIA%20QUARTET/%0A	91485
..Star%20Carrier.%20Tom%201.%20Pierwsze%20uderzenie%0A	79168
SPEED%20RACER%20%5E%5E%20emile%20hirsch%0A	100115
2x%20Goodride%20RP28%20215/65%20R15%2096%20H%0A	257689
Zestaw%202%20aluminiowych%20le%C5%BCak%C3%B3w%20ogrodowych%2C%20kolor%20cz%0A	82259
Pi%C5%BCamka%20Kombinezon%20Kigurumi%20Onesie%20Szkielet%209%20lat%0A	89516
